Region,Maker,Brand,Model,Model year,Supplier,Products,Component category,Category
China,Tesla China,Tesla,Model 3 (4WD) (China),2023,"Dicastal UACJ Bolv Automotive Components (Chuzhou) Co., Ltd.",Energy absorbing bumper component,Bumper,Interior_Exterior
China,Tesla China,Tesla,Model 3 (4WD) (China),2023,Lite-On Technology Corporation,Matrix module for ADB headlamp,Head Lamp (AFS),Interior_Exterior
China,Tesla China,Tesla,Model 3 (RR) (China),2023,"Dicastal UACJ Bolv Automotive Components (Chuzhou) Co., Ltd.",Energy absorbing bumper component,Bumper,Interior_Exterior
China,Tesla China,Tesla,Model 3 (RR) (China),2023,Lite-On Technology Corporation,Matrix module for ADB headlamp,Head Lamp (AFS),Interior_Exterior
China,Tesla China,Tesla,Model 3 (RR) (China),2023,"Fuyao Glass (Suzhou) Co., Ltd.",Rear quarter window glass,Window Glass,Interior_Exterior
Americas,Tesla,Tesla,Model S (USA),2023,Marelli Automotive Lighting USA LLC (Formerly Automotive Lighting LLC),Fog lamp,Fog Lamp,Interior_Exterior
China,Tesla China,Tesla,Model Y (4WD) (China),2023,Lite-On Technology Corporation,Matrix module for ADB headlamp,Head Lamp (AFS),Interior_Exterior
China,Tesla China,Tesla,Model Y (4WD) (China),2023,"Saint-Gobain Sekurit (Shanghai) Co., Ltd.",Front window glass,Window Glass,Interior_Exterior
China,Tesla China,Tesla,Model Y (RR) (China),2023,Lite-On Technology Corporation,Matrix module for ADB headlamp,Head Lamp (AFS),Interior_Exterior
Americas,Tesla,Tesla,Model Y (USA),2023,"Minghua de México, S.A. de C.V.",Front bumper,Bumper,Interior_Exterior
Americas,Tesla,Tesla,Model Y (USA),2023,"Minghua de México, S.A. de C.V.",Rear bumper,Bumper,Interior_Exterior
Americas,Tesla,Tesla,Model Y (USA),2023,"Grupo Antolin-Irausa, S.A.",Pillar trim,Door Trim,Interior_Exterior
Americas,Tesla,Tesla,Model Y (USA),2023,Cultraro Automazione Engineering S.r.l.,Door handle damper,Outside Door Handle,Interior_Exterior
Americas,Tesla,Tesla,Model Y (USA),2023,Autoliv de Mexico S.A. de C.V. - Lerma,Front seat belt retractor,Seat Belt Pretensioner,Interior_Exterior
Americas,Tesla,Tesla,Model Y (USA),2023,ZF Active Safety And Electronics US LLC (Formerly TRW Automotive),Center airbag,Side Airbag,Interior_Exterior
China,Tesla China,Tesla,Model Y Performance (4WD) (China),2023,Lite-On Technology Corporation,Matrix module for ADB headlamp,Head Lamp (AFS),Interior_Exterior
China,Tesla China,Tesla,Model 3 (4WD) (China),2022,Lite-On Technology Corporation,Matrix module for ADB headlamp,Head Lamp (AFS),Interior_Exterior
China,Tesla China,Tesla,Model 3 (RR) (China),2022,"Multimatic Automotive Technologies (Kunshan) Co., Ltd. (Formerly Multimatic Product Services China)",Bumper assembly,Bumper,Interior_Exterior
China,Tesla China,Tesla,Model 3 (RR) (China),2022,Tesla,Console assembly,Console,Interior_Exterior
China,Tesla China,Tesla,Model 3 (RR) (China),2022,Autoliv Inc.,Side curtain airbag,Curtain Airbag,Interior_Exterior
China,Tesla China,Tesla,Model 3 (RR) (China),2022,Magna International Inc.,Door interior panel,Door Panel,Interior_Exterior
China,Tesla China,Tesla,Model 3 (RR) (China),2022,"Ningbo Huaxiang Electronic Co., Ltd.",Aluminum trim,Door Trim,Interior_Exterior
China,Tesla China,Tesla,Model 3 (RR) (China),2022,"Ningbo Tuopu Group Co., Ltd.(Formerly Ningbo Tuopu Brake System Co., Ltd.)",Interior trim,Door Trim,Interior_Exterior
China,Tesla China,Tesla,Model 3 (RR) (China),2022,Ningbo Joyson Electronic Corporation,Driver airbag,Driver Airbag,Interior_Exterior
China,Tesla China,Tesla,Model 3 (RR) (China),2022,"HELLA Jiaxing Lighting Co., Ltd.",Head lamp,Head Lamp,Interior_Exterior
China,Tesla China,Tesla,Model 3 (RR) (China),2022,Lite-On Technology Corporation,Matrix module for ADB headlamp,Head Lamp (AFS),Interior_Exterior
China,Tesla China,Tesla,Model 3 (RR) (China),2022,"Antolin Shanghai Auto-Parts Co., Ltd.",Modular headliner,Headliner,Interior_Exterior
China,Tesla China,Tesla,Model 3 (RR) (China),2022,"Yanfeng International Seating Systems Co., Ltd. (Formerly Yanfeng Adient Seating Co., Ltd.)",Headrest,Headrest,Interior_Exterior
China,Tesla China,Tesla,Model 3 (RR) (China),2022,Radiant Opto-Electronics Corporation,Backlight module for central control screen,Interior Lighting,Interior_Exterior
China,Tesla China,Tesla,Model 3 (RR) (China),2022,Ningbo Joyson Electronic Corporation,Passenger airbag,Passenger Airbag,Interior_Exterior
China,Tesla China,Tesla,Model 3 (RR) (China),2022,"HELLA Jiaxing Lighting Co., Ltd.",Rear lamp,Rear Lamp,Interior_Exterior
China,Tesla China,Tesla,Model 3 (RR) (China),2022,"Futuris Automotive Components (Wuxi) Co., Ltd.",Seat,Seat,Interior_Exterior
China,Tesla China,Tesla,Model 3 (RR) (China),2022,Autoliv Inc.,Rear seat belt,Seat Belt,Interior_Exterior
China,Tesla China,Tesla,Model 3 (RR) (China),2022,"Zhejiang Hailide New Material Co., Ltd.",Seat belt fabric,Seat Belt,Interior_Exterior
China,Tesla China,Tesla,Model 3 (RR) (China),2022,Ningbo Joyson Electronic Corporation,Side airbag,Side Airbag,Interior_Exterior
China,Tesla China,Tesla,Model 3 (RR) (China),2022,AGC Automotive (Suzhou) Inc.,Front door window glass,Window Glass,Interior_Exterior
China,Tesla China,Tesla,Model 3 (RR) (China),2022,AGC Automotive (Suzhou) Inc.,Front window glass,Window Glass,Interior_Exterior
China,Tesla China,Tesla,Model 3 (RR) (China),2022,AGC Automotive (Suzhou) Inc.,Rear door window glass,Window Glass,Interior_Exterior
China,Tesla China,Tesla,Model 3 (RR) (China),2022,AGC Automotive (Suzhou) Inc.,Rear window glass,Window Glass,Interior_Exterior
Americas,Tesla,Tesla,Model 3 (USA),2022,"Autoliv ASP, Inc. - Auburn Hills Technical Center",Curtain airbag,Curtain Airbag,Interior_Exterior
Americas,Tesla,Tesla,Model 3 (USA),2022,"Joyson Safety Systems (Formerly Key Safety Systems, Inc.)",Driver airbag,Driver Airbag,Interior_Exterior
Americas,Tesla,Tesla,Model 3 (USA),2022,Faurecia SE (FORVIA faurecia),Glove box,Glove Box,Interior_Exterior
Americas,Tesla,Tesla,Model 3 (USA),2022,Hella GmbH & Co. KGaA (FORVIA HELLA),LED head lamp,Head Lamp,Interior_Exterior
Americas,Tesla,Tesla,Model 3 (USA),2022,Robert Bosch Mexico SA de C.V.,Seat recliner motor,Seat Adjuster / Recliner,Interior_Exterior
Americas,Tesla,Tesla,Model 3 (USA),2022,"Autoliv ASP, Inc. - Auburn Hills Technical Center",Front row seat belt pretensioner,Seat Belt Pretensioner,Interior_Exterior
Americas,Tesla,Tesla,Model 3 (USA),2022,"Autoliv ASP, Inc. - Auburn Hills Technical Center",Front seat belt retractor,Seat Belt Pretensioner,Interior_Exterior
Americas,Tesla,Tesla,Model 3 (USA),2022,"Autoliv ASP, Inc. - Auburn Hills Technical Center",Rear seat belt retractor,Seat Belt Pretensioner,Interior_Exterior
Americas,Tesla,Tesla,Model 3 (USA),2022,Compagnie de Saint-Gobain S.A.,Front door window glass,Window Glass,Interior_Exterior
Americas,Tesla,Tesla,Model 3 (USA),2022,Compagnie de Saint-Gobain S.A.,Front window glass,Window Glass,Interior_Exterior
Americas,Tesla,Tesla,Model 3 (USA),2022,Compagnie de Saint-Gobain S.A.,Rear door window glass,Window Glass,Interior_Exterior
Americas,Tesla,Tesla,Model 3 (USA),2022,Fuyao Glass America Inc.,Rear quarter window glass,Window Glass,Interior_Exterior
Americas,Tesla,Tesla,Model S (USA),2022,fischer America Inc.,Storage compartment center console,Console,Interior_Exterior
Americas,Tesla,Tesla,Model S (USA),2022,"Joyson Safety Systems (Formerly Key Safety Systems, Inc.)",Curtain airbag,Curtain Airbag,Interior_Exterior
Americas,Tesla,Tesla,Model S (USA),2022,Marelli Automotive Lighting USA LLC (Formerly Automotive Lighting LLC),Fog lamp,Fog Lamp,Interior_Exterior
Americas,Tesla,Tesla,Model X (USA),2022,fischer America Inc.,Storage compartment center console,Console,Interior_Exterior
Americas,Tesla,Tesla,Model X (USA),2022,"Saint-Gobain Sekurit México, S.A. de C.V. - Cuautla Plant",Front quarter window glass,Window Glass,Interior_Exterior
China,Tesla China,Tesla,Model Y (4WD) (China),2022,"Ningbo Tuopu Group Co., Ltd.(Formerly Ningbo Tuopu Brake System Co., Ltd.)",Interior trim,Door Trim,Interior_Exterior
China,Tesla China,Tesla,Model Y (4WD) (China),2022,Lite-On Technology Corporation,Matrix module for ADB headlamp,Head Lamp (AFS),Interior_Exterior
Europe,Tesla,Tesla,Model Y (Germany),2022,"Yanfeng Automotive Trim Systems Co., Ltd.",Center console,Console,Interior_Exterior
Europe,Tesla,Tesla,Model Y (Germany),2022,"Yanfeng Automotive Trim Systems Co., Ltd.",Rear armrest,Console,Interior_Exterior
Europe,Tesla,Tesla,Model Y (Germany),2022,"Yanfeng Automotive Safety Systems Co., Ltd.",Driver airbag,Driver Airbag,Interior_Exterior
Europe,Tesla,Tesla,Model Y (Germany),2022,"Yanfeng International Seating Systems Co., Ltd. (Formerly Yanfeng Adient Seating Co., Ltd.)",Headrest,Headrest,Interior_Exterior
Europe,Tesla,Tesla,Model Y (Germany),2022,BOGE Elastmetall GmbH,Brake pedal,Pedal,Interior_Exterior
Europe,Tesla,Tesla,Model Y (Germany),2022,Preh GmbH,Seat adjustment switch,Seat Adjuster / Recliner,Interior_Exterior
Europe,Tesla,Tesla,Model Y (Germany),2022,ZF Friedrichshafen AG,Center airbag,Side Airbag,Interior_Exterior
Europe,Tesla,Tesla,Model Y (Germany),2022,IDEAL Automotive GmbH,Parcel shelf,Trunk / Tailgate Trim,Interior_Exterior
China,Tesla China,Tesla,Model Y (RR) (China),2022,Lite-On Technology Corporation,Matrix module for ADB headlamp,Head Lamp (AFS),Interior_Exterior
China,Tesla China,Tesla,Model Y (RR) (China),2022,"Jiangsu Xinquan Automotive Trim Co., Ltd.",Sub-instrument panel,Instrument Panel,Interior_Exterior
Americas,Tesla,Tesla,Model Y (USA),2022,"Minghua de México, S.A. de C.V.",Front bumper,Bumper,Interior_Exterior
Americas,Tesla,Tesla,Model Y (USA),2022,"Minghua de México, S.A. de C.V.",Rear bumper,Bumper,Interior_Exterior
Americas,Tesla,Tesla,Model Y (USA),2022,Grupo Antolin North America Inc.,Pillar trim,Door Trim,Interior_Exterior
Americas,Tesla,Tesla,Model Y (USA),2022,Hella GmbH & Co. KGaA (FORVIA HELLA),LED head lamp,Head Lamp,Interior_Exterior
Americas,Tesla,Tesla,Model Y (USA),2022,Cultraro Automazione Engineering S.r.l.,Door handle damper,Outside Door Handle,Interior_Exterior
Americas,Tesla,Tesla,Model Y (USA),2022,Bosch [Robert Bosch LLC],Seat adjuster motor,Seat Adjuster / Recliner,Interior_Exterior
Americas,Tesla,Tesla,Model Y (USA),2022,Bosch [Robert Bosch LLC],Seat recliner motor,Seat Adjuster / Recliner,Interior_Exterior
Americas,Tesla,Tesla,Model Y (USA),2022,"Autoliv ASP, Inc. - Auburn Hills Technical Center",Front row seat belt pretensioner,Seat Belt Pretensioner,Interior_Exterior
Americas,Tesla,Tesla,Model Y (USA),2022,"Autoliv ASP, Inc. - Auburn Hills Technical Center",Front seat belt retractor,Seat Belt Pretensioner,Interior_Exterior
Americas,Tesla,Tesla,Model Y (USA),2022,Compagnie de Saint-Gobain S.A.,Front door window glass,Window Glass,Interior_Exterior
Americas,Tesla,Tesla,Model Y (USA),2022,Compagnie de Saint-Gobain S.A.,Front window glass,Window Glass,Interior_Exterior
Americas,Tesla,Tesla,Model Y (USA),2022,Compagnie de Saint-Gobain S.A.,Rear door window glass,Window Glass,Interior_Exterior
Americas,Tesla,Tesla,Model Y (USA),2022,Fuyao Glass America Inc.,Rear quarter window glass,Window Glass,Interior_Exterior
China,Tesla China,Tesla,Model Y Performance (4WD) (China),2022,Lite-On Technology Corporation,Matrix module for ADB headlamp,Head Lamp (AFS),Interior_Exterior
China,Tesla China,Tesla,Model 3 (RR) (China),2021,"Yanfeng Plastic Omnium Automotive Exterior Systems Co., Ltd.",Front bumper,Bumper,Interior_Exterior
China,Tesla China,Tesla,Model 3 (RR) (China),2021,"Yanfeng Plastic Omnium Automotive Exterior Systems Co., Ltd.",Rear bumper,Bumper,Interior_Exterior
China,Tesla China,Tesla,Model 3 (RR) (China),2021,"Jiangsu Xinquan Automotive Trim Co., Ltd.",Center console,Console,Interior_Exterior
China,Tesla China,Tesla,Model 3 (RR) (China),2021,"Shanghai Lingang Joyson Safety Systems Co., Ltd.",Head curtain airbag,Curtain Airbag,Interior_Exterior
China,Tesla China,Tesla,Model 3 (RR) (China),2021,"Ningbo Laolunsi Automotive Interior Co., Ltd.",Door trim,Door Trim,Interior_Exterior
China,Tesla China,Tesla,Model 3 (RR) (China),2021,"CIE Golde Management (Shanghai) Co., Ltd.(Formerly Inteva Management (Shanghai) Co., Ltd.)",Front door trim,Door Trim,Interior_Exterior
China,Tesla China,Tesla,Model 3 (RR) (China),2021,"Shanghai Lingang Joyson Safety Systems Co., Ltd.",Airbag,Driver Airbag,Interior_Exterior
China,Tesla China,Tesla,Model 3 (RR) (China),2021,"Shanghai Lingang Joyson Safety Systems Co., Ltd.",Driver airbag,Driver Airbag,Interior_Exterior
China,Tesla China,Tesla,Model 3 (RR) (China),2021,"HASCO Vision Technology (Shanghai) Co., Ltd. (Formerly Shanghai Koito Automotive Lamp Co., Ltd.)",Lamp,Exterior Lighting,Interior_Exterior
China,Tesla China,Tesla,Model 3 (RR) (China),2021,Magna International Inc.,Exterior mirror,Exterior Mirror,Interior_Exterior
China,Tesla China,Tesla,Model 3 (RR) (China),2021,"Ningbo Huaxiang Electronic Co., Ltd.",Exterior mirror,Exterior Mirror,Interior_Exterior
China,Tesla China,Tesla,Model 3 (RR) (China),2021,Hella GmbH & Co. KGaA (FORVIA HELLA),Head lamp,Head Lamp,Interior_Exterior
China,Tesla China,Tesla,Model 3 (RR) (China),2021,Magna International Inc.,Headliner,Headliner,Interior_Exterior
China,Tesla China,Tesla,Model 3 (RR) (China),2021,"Shanghai Lingang Joyson Safety Systems Co., Ltd.",Knee airbag,Knee Airbag,Interior_Exterior
China,Tesla China,Tesla,Model 3 (RR) (China),2021,HUAYU Automotive Systems Company Limited,Body side module,Molding (Body Side),Interior_Exterior
China,Tesla China,Tesla,Model 3 (RR) (China),2021,"Shanghai Lingang Joyson Safety Systems Co., Ltd.",Passenger airbag,Passenger Airbag,Interior_Exterior
China,Tesla China,Tesla,Model 3 (RR) (China),2021,Magna International Inc.,Grille,Radiator Grille,Interior_Exterior
China,Tesla China,Tesla,Model 3 (RR) (China),2021,Hella GmbH & Co. KGaA (FORVIA HELLA),Rear lamp,Rear Lamp,Interior_Exterior
China,Tesla China,Tesla,Model 3 (RR) (China),2021,"Futuris Automotive Components (Wuxi) Co., Ltd.",Seat,Seat,Interior_Exterior
China,Tesla China,Tesla,Model 3 (RR) (China),2021,"Yanfeng International Seating Systems Co., Ltd. (Formerly Yanfeng Adient Seating Co., Ltd.)",Seat,Seat,Interior_Exterior
China,Tesla China,Tesla,Model 3 (RR) (China),2021,"Futuris Hi-Tech Auto Parts (Shanghai) Co., Ltd. (Formerly Adient (Shanghai) Seating Co., Ltd.)",Seat,Seat,Interior_Exterior
China,Tesla China,Tesla,Model 3 (RR) (China),2021,"WanFeng Meridian Lightweight Technology Co., Ltd.",Seat bracket,Seat,Interior_Exterior
China,Tesla China,Tesla,Model 3 (RR) (China),2021,"Yanfeng International Seating Systems Co., Ltd. (Formerly Yanfeng Adient Seating Co., Ltd.)",Seat foam,Seat,Interior_Exterior
China,Tesla China,Tesla,Model 3 (RR) (China),2021,"Shanghai Lingang Joyson Safety Systems Co., Ltd.",Seat belt,Seat Belt,Interior_Exterior
China,Tesla China,Tesla,Model 3 (RR) (China),2021,"Shanghai Lingang Joyson Safety Systems Co., Ltd.",Side airbag,Side Airbag,Interior_Exterior
China,Tesla China,Tesla,Model 3 (RR) (China),2021,"Shanghai Daimay Automotive Interior Co., Ltd.",Sun visor,Sun Visor,Interior_Exterior
China,Tesla China,Tesla,Model 3 (RR) (China),2021,"CIE Golde Management (Shanghai) Co., Ltd.(Formerly Inteva Management (Shanghai) Co., Ltd.)",Back door trim,Trunk / Tailgate Trim,Interior_Exterior
China,Tesla China,Tesla,Model 3 (RR) (China),2021,"Anhui Zhongding Holding (Group) Co., Ltd.",Weatherstrip,Weatherstrip,Interior_Exterior
China,Tesla China,Tesla,Model 3 (RR) (China),2021,"Fuyao Group (Shanghai) Automobile Glass Co., Ltd.",Front door window glass,Window Glass,Interior_Exterior
China,Tesla China,Tesla,Model 3 (RR) (China),2021,"Fuyao Group (Shanghai) Automobile Glass Co., Ltd.",Front window glass,Window Glass,Interior_Exterior
China,Tesla China,Tesla,Model 3 (RR) (China),2021,"Fuyao Group (Shanghai) Automobile Glass Co., Ltd.",Rear door window glass,Window Glass,Interior_Exterior
China,Tesla China,Tesla,Model 3 (RR) (China),2021,"Fuyao Group (Shanghai) Automobile Glass Co., Ltd.",Rear quarter window glass,Window Glass,Interior_Exterior
China,Tesla China,Tesla,Model 3 (RR) (China),2021,"Fuyao Group (Shanghai) Automobile Glass Co., Ltd.",Rear window glass,Window Glass,Interior_Exterior
China,Tesla China,Tesla,Model 3 (RR) (China),2021,AGC Inc.,Window glass,Window Glass,Interior_Exterior
Americas,Tesla,Tesla,Model 3 (USA),2021,"Exo-S Industrias, S.A. de C.V.",Floor A/C ventilator adaptor,A/C Ventilator,Interior_Exterior
Americas,Tesla,Tesla,Model 3 (USA),2021,"Faurecia Interior Systems, Inc.",Instrument panel ventilator,A/C Ventilator,Interior_Exterior
Americas,Tesla,Tesla,Model 3 (USA),2021,"Pacific Die Cut Industries, Inc.",Bumper double sided tape,Bumper,Interior_Exterior
Americas,Tesla,Tesla,Model 3 (USA),2021,Compagnie Plastic Omnium SE,Front bumper,Bumper,Interior_Exterior
Americas,Tesla,Tesla,Model 3 (USA),2021,"Liaoyang Zhongwang Yachuang Trading Co., Ltd.",Front bumper ankle catcher,Bumper,Interior_Exterior
Americas,Tesla,Tesla,Model 3 (USA),2021,"Blove Light Precision HK Co.,Ltd.",Parking assist retainer,Bumper,Interior_Exterior
Americas,Tesla,Tesla,Model 3 (USA),2021,Compagnie Plastic Omnium SE,Rear bumper,Bumper,Interior_Exterior
Americas,Tesla,Tesla,Model 3 (USA),2021,"Autoliv ASP, Inc. - Auburn Hills Technical Center",Curtain airbag,Curtain Airbag,Interior_Exterior
Americas,Tesla,Tesla,Model 3 (USA),2021,Axiom Plastics Inc.,Front door closeout panel,Door Panel,Interior_Exterior
Americas,Tesla,Tesla,Model 3 (USA),2021,Multi Form Plastics Inc.,A pillar lower trim panel bracket,Door Trim,Interior_Exterior
Americas,Tesla,Tesla,Model 3 (USA),2021,"Lens Technology (Vietnam) Co., Ltd.",B pillar trim,Door Trim,Interior_Exterior
Americas,Tesla,Tesla,Model 3 (USA),2021,"Faurecia Duroplast, S.A. de C.V.",Door trim wood decoration,Door Trim,Interior_Exterior
Americas,Tesla,Tesla,Model 3 (USA),2021,"Joyson Safety Systems (Formerly Key Safety Systems, Inc.)",Driver airbag,Driver Airbag,Interior_Exterior
Americas,Tesla,Tesla,Model 3 (USA),2021,McKechnie Vehicle Components (MVC),Front T-badge,Emblem,Interior_Exterior
Americas,Tesla,Tesla,Model 3 (USA),2021,"LG Innotek Co., Ltd.",Left front repeater camera lamp assembly,Exterior Lighting,Interior_Exterior
Americas,Tesla,Tesla,Model 3 (USA),2021,"Plastic Tec, S.A. de C.V. - Lerma",Carpet locator bracket,Floor Carpet,Interior_Exterior
Americas,Tesla,Tesla,Model 3 (USA),2021,Marelli Automotive Lighting USA LLC (Formerly Automotive Lighting LLC),Head lamp,Head Lamp,Interior_Exterior
Americas,Tesla,Tesla,Model 3 (USA),2021,"Magneti Marelli Toluca México, S. de R.L. de C.V.",Head lamp assembly,Head Lamp,Interior_Exterior
Americas,Tesla,Tesla,Model 3 (USA),2021,Hella GmbH & Co. KGaA (FORVIA HELLA),Headlight housing,Head Lamp,Interior_Exterior
Americas,Tesla,Tesla,Model 3 (USA),2021,Marelli Automotive Lighting USA LLC (Formerly Automotive Lighting LLC),LED head lamp,Head Lamp,Interior_Exterior
Americas,Tesla,Tesla,Model 3 (USA),2021,"Grupo Antolin-Irausa, S.A.",Modular headliner,Headliner,Interior_Exterior
Americas,Tesla,Tesla,Model 3 (USA),2021,"Blove Light Precision HK Co.,Ltd.",Front headrest post guide assembly,Headrest,Interior_Exterior
Americas,Tesla,Tesla,Model 3 (USA),2021,"Lear Mexican Trim Operations S. de R.L. de C.V. (Formerly Lear San Lorenzo, S.A. de C.V.)",Front seat headrest assembly,Headrest,Interior_Exterior
Americas,Tesla,Tesla,Model 3 (USA),2021,"Faurecia Duroplast, S.A. de C.V.",Speaker grille assembly,Instrument Panel,Interior_Exterior
Americas,Tesla,Tesla,Model 3 (USA),2021,Ventra Sandusky LLC,Luggage room lamp,Interior Lighting,Interior_Exterior
Americas,Tesla,Tesla,Model 3 (USA),2021,"Magna Mirrors of America, Inc.",Interior mirror (with monocular camera),Interior Mirror,Interior_Exterior
Americas,Tesla,Tesla,Model 3 (USA),2021,Autoliv Inc.,Front passenger knee airbag,Knee Airbag,Interior_Exterior
Americas,Tesla,Tesla,Model 3 (USA),2021,Joyson Safety Systems Aschaffenburg GmbH (Formerly Takata AG),Front passenger knee airbag,Knee Airbag,Interior_Exterior
Americas,Tesla,Tesla,Model 3 (USA),2021,"Autoliv ASP, Inc. - Auburn Hills Technical Center",Passenger airbag,Passenger Airbag,Interior_Exterior
Americas,Tesla,Tesla,Model 3 (USA),2021,Compagnie Plastic Omnium SE,Active grille shutter,Radiator Grille,Interior_Exterior
Americas,Tesla,Tesla,Model 3 (USA),2021,"Ventra Evart, LLC",Rear lamp assembly,Rear Lamp,Interior_Exterior
Americas,Tesla,Tesla,Model 3 (USA),2021,"Blove Light Precision HK Co.,Ltd.",Rear lamp bracket,Rear Lamp,Interior_Exterior
Americas,Tesla,Tesla,Model 3 (USA),2021,"Plastic Tec, S.A. de C.V. - Lerma",2nd row seat armrest bush,Seat,Interior_Exterior
Americas,Tesla,Tesla,Model 3 (USA),2021,L and C Windsor Cables Ltd.,2nd row seat back handle bezel,Seat,Interior_Exterior
Americas,Tesla,Tesla,Model 3 (USA),2021,"Blove Light Precision HK Co.,Ltd.",2nd row seat back projection cover,Seat,Interior_Exterior
Americas,Tesla,Tesla,Model 3 (USA),2021,"Lear Mexican Trim Operations S. de R.L. de C.V. (Formerly Lear San Lorenzo, S.A. de C.V.)",2nd row seat backrest trim,Seat,Interior_Exterior
Americas,Tesla,Tesla,Model 3 (USA),2021,"Lear Mexican Trim Operations S. de R.L. de C.V. (Formerly Lear San Lorenzo, S.A. de C.V.)",2nd row seat bolster,Seat,Interior_Exterior
Americas,Tesla,Tesla,Model 3 (USA),2021,"FPT Precision Technology (Guangzhou) Co., Ltd. (Formerly Guangzhou Lite-On Mobile Electronic Components Co. Ltd.)",2nd row seat lever bracket,Seat,Interior_Exterior
Americas,Tesla,Tesla,Model 3 (USA),2021,"Blove Light Precision HK Co.,Ltd.",Front seat suspension plastic insulator,Seat,Interior_Exterior
Americas,Tesla,Tesla,Model 3 (USA),2021,"PHA USA, LLC",Seat back striker,Seat,Interior_Exterior
Americas,Tesla,Tesla,Model 3 (USA),2021,Axiom Plastics Inc.,Seat back latch bezel,Seat Adjuster / Recliner,Interior_Exterior
Americas,Tesla,Tesla,Model 3 (USA),2021,"Autoliv ASP, Inc. - Auburn Hills Technical Center",Seat belt height adjuster,Seat Adjuster / Recliner,Interior_Exterior
Americas,Tesla,Tesla,Model 3 (USA),2021,Axiom Plastics Inc.,Seat rail cover,Seat Adjuster / Recliner,Interior_Exterior
Americas,Tesla,Tesla,Model 3 (USA),2021,Robert Bosch Mexico SA de C.V.,Seat recliner motor,Seat Adjuster / Recliner,Interior_Exterior
Americas,Tesla,Tesla,Model 3 (USA),2021,Mid West Fabricating Company,Front seat belt webbing guide,Seat Belt,Interior_Exterior
Americas,Tesla,Tesla,Model 3 (USA),2021,"Autoliv ASP, Inc. - Auburn Hills Technical Center",Front seat belt retractor,Seat Belt Pretensioner,Interior_Exterior
Americas,Tesla,Tesla,Model 3 (USA),2021,"Autoliv ASP, Inc. - Auburn Hills Technical Center",Rear seat belt retractor,Seat Belt Pretensioner,Interior_Exterior
Americas,Tesla,Tesla,Model 3 (USA),2021,"Autoliv ASP, Inc. - Auburn Hills Technical Center",Seat belt pretensioner,Seat Belt Pretensioner,Interior_Exterior
Americas,Tesla,Tesla,Model 3 (USA),2021,Autoliv Inc.,Side airbag,Side Airbag,Interior_Exterior
Americas,Tesla,Tesla,Model 3 (USA),2021,Mata Ahsap ve Otomotiv San.Tic. A.S.,Carbon fiber spoiler,Spoiler,Interior_Exterior
Americas,Tesla,Tesla,Model 3 (USA),2021,"Ningbo Yosun Auto Parts Co., Ltd.",Liftgate stopper,Trunk / Tailgate Trim,Interior_Exterior
Americas,Tesla,Tesla,Model 3 (USA),2021,"Plastic Tec, S.A. de C.V. - Lerma",Liftgate trim,Trunk / Tailgate Trim,Interior_Exterior
Americas,Tesla,Tesla,Model 3 (USA),2021,Axiom Plastics Inc.,Trunk floor support bracket,Trunk / Tailgate Trim,Interior_Exterior
Americas,Tesla,Tesla,Model 3 (USA),2021,McKechnie Vehicle Components (MVC),Rear door seal,Weatherstrip,Interior_Exterior
Americas,Tesla,Tesla,Model 3 (USA),2021,Compagnie de Saint-Gobain S.A.,Front door window glass,Window Glass,Interior_Exterior
Americas,Tesla,Tesla,Model 3 (USA),2021,Compagnie de Saint-Gobain S.A.,Front window glass,Window Glass,Interior_Exterior
Americas,Tesla,Tesla,Model 3 (USA),2021,Fuyao Glass America Inc.,Quarter window glass,Window Glass,Interior_Exterior
Americas,Tesla,Tesla,Model 3 (USA),2021,Compagnie de Saint-Gobain S.A.,Rear door window glass,Window Glass,Interior_Exterior
Americas,Tesla,Tesla,Model 3 (USA),2021,Fuyao Glass America Inc.,Rear quarter window glass,Window Glass,Interior_Exterior
Americas,Tesla,Tesla,Model S (USA),2021,"Novares Mexico North, S. de R.L. de C.V.",A/C ventilator,A/C Ventilator,Interior_Exterior
Americas,Tesla,Tesla,Model S (USA),2021,Magnesium Products of America (MPA),Front bumper carrier,Bumper,Interior_Exterior
Americas,Tesla,Tesla,Model S (USA),2021,Multimatic Indiana Inc.,Front bumper system,Bumper,Interior_Exterior
Americas,Tesla,Tesla,Model S (USA),2021,"Blove Light Precision HK Co.,Ltd.",Parking assist retainer,Bumper,Interior_Exterior
Americas,Tesla,Tesla,Model S (USA),2021,Ramko Injection Inc.,Parking assist retainer,Bumper,Interior_Exterior
Americas,Tesla,Tesla,Model S (USA),2021,"Blove Light Precision HK Co.,Ltd.",Rear parking assist retainer,Bumper,Interior_Exterior
Americas,Tesla,Tesla,Model S (USA),2021,fischer automotive systems GmbH & Co. KG,Center console armrest,Console,Interior_Exterior
Americas,Tesla,Tesla,Model S (USA),2021,"Mission Plastics, Inc.",Center console cubby holder,Console,Interior_Exterior
Americas,Tesla,Tesla,Model S (USA),2021,"Eissmann Automotive North America, Inc.",Center console panel,Console,Interior_Exterior
Americas,Tesla,Tesla,Model S (USA),2021,"Novares Mexico North, S. de R.L. de C.V.",Center tunnel trim,Console,Interior_Exterior
Americas,Tesla,Tesla,Model S (USA),2021,Mata Ahsap ve Otomotiv San.Tic. A.S.,Center tunnel trim decoration,Console,Interior_Exterior
Americas,Tesla,Tesla,Model S (USA),2021,"Mission Plastics, Inc.",Console front panel,Console,Interior_Exterior
Americas,Tesla,Tesla,Model S (USA),2021,Ramko Injection Inc.,Rear center console panel,Console,Interior_Exterior
Americas,Tesla,Tesla,Model S (USA),2021,"Plastikon Industries, Inc.",Rear console cushion close panel,Console,Interior_Exterior
Americas,Tesla,Tesla,Model S (USA),2021,BOS Automotive Products Irapuato S.A. DE C.V.,Rear console trim,Console,Interior_Exterior
Americas,Tesla,Tesla,Model S (USA),2021,"Joyson Safety Systems (Formerly Key Safety Systems, Inc.)",Curtain airbag,Curtain Airbag,Interior_Exterior
Americas,Tesla,Tesla,Model S (USA),2021,Ramko Injection Inc.,Front door lower plate,Door Panel,Interior_Exterior
Americas,Tesla,Tesla,Model S (USA),2021,"Plastikon Industries, Inc.",B pillar lower trim,Door Trim,Interior_Exterior
Americas,Tesla,Tesla,Model S (USA),2021,Lens International (HK) Ltd.,B pillar trim,Door Trim,Interior_Exterior
Americas,Tesla,Tesla,Model S (USA),2021,Poliuretanos SW S.A. de C.V.,B pillar upper foam,Door Trim,Interior_Exterior
Americas,Tesla,Tesla,Model S (USA),2021,"Plastikon Industries, Inc.",C pillar accent trim,Door Trim,Interior_Exterior
Americas,Tesla,Tesla,Model S (USA),2021,"Plastikon Industries, Inc.",C pillar bracket,Door Trim,Interior_Exterior
Americas,Tesla,Tesla,Model S (USA),2021,TRW Steering Wheels Systems de Chihuahua SA de CV,Driver airbag,Driver Airbag,Interior_Exterior
Americas,Tesla,Tesla,Model S (USA),2021,McKechnie Vehicle Components (MVC),Front T-badge,Emblem,Interior_Exterior
Americas,Tesla,Tesla,Model S (USA),2021,"Plastikon Industries, Inc.",T badge support,Emblem,Interior_Exterior
Americas,Tesla,Tesla,Model S (USA),2021,"LG Innotek Co., Ltd.",Left front repeater camera lamp assembly,Exterior Lighting,Interior_Exterior
Americas,Tesla,Tesla,Model S (USA),2021,Foam Fabricators Inc.,Footrest,Floor Carpet,Interior_Exterior
Americas,Tesla,Tesla,Model S (USA),2021,"Racemark International, LLC",Rear carpet replacement,Floor Carpet,Interior_Exterior
Americas,Tesla,Tesla,Model S (USA),2021,Ramko Injection Inc.,Trunk carpet bracket,Floor Carpet,Interior_Exterior
Americas,Tesla,Tesla,Model S (USA),2021,Marelli Automotive Lighting USA LLC (Formerly Automotive Lighting LLC),Fog lamp,Fog Lamp,Interior_Exterior
Americas,Tesla,Tesla,Model S (USA),2021,"Blove Light Precision HK Co.,Ltd.",Front fog lamp bracket,Fog Lamp,Interior_Exterior
Americas,Tesla,Tesla,Model S (USA),2021,"Polybrite, a division of Magna Exteriors and Interiors Corp.",Front fog lamp trim,Fog Lamp,Interior_Exterior
Americas,Tesla,Tesla,Model S (USA),2021,"Futuris Automotive Components (Wuxi) Co., Ltd.",Headliner,Headliner,Interior_Exterior
Americas,Tesla,Tesla,Model S (USA),2021,"Blove Light Precision HK Co.,Ltd.",Front headrest post guide assembly,Headrest,Interior_Exterior
Americas,Tesla,Tesla,Model S (USA),2021,Ramko Injection Inc.,Instrument panel cubby,Instrument Panel,Interior_Exterior
Americas,Tesla,Tesla,Model S (USA),2021,"Eissmann Automotive North America, Inc.",Lower instrument panel,Instrument Panel,Interior_Exterior
Americas,Tesla,Tesla,Model S (USA),2021,Pacific Insight Electronics Corp. (PI),Front door pullcup accent lamp,Interior Lighting,Interior_Exterior
Americas,Tesla,Tesla,Model S (USA),2021,"Futuris Automotive Components (Wuxi) Co., Ltd.",Under seat lamp bracket,Interior Lighting,Interior_Exterior
Americas,Tesla,Tesla,Model S (USA),2021,"Magna Mirrors of America, Inc.",Interior mirror (with monocular camera),Interior Mirror,Interior_Exterior
Americas,Tesla,Tesla,Model S (USA),2021,"Autoliv ASP, Inc. - Auburn Hills Technical Center",Interior mirror triple camera assembly,Interior Mirror,Interior_Exterior
Americas,Tesla,Tesla,Model S (USA),2021,McKechnie Vehicle Components (MVC),Left exterior plastic molding,Molding (Body Side),Interior_Exterior
Americas,Tesla,Tesla,Model S (USA),2021,McKechnie Vehicle Components (MVC),Side body rocker sill,Molding (Body Side),Interior_Exterior
Americas,Tesla,Tesla,Model S (USA),2021,"FPT Precision Technology (Guangzhou) Co., Ltd. (Formerly Guangzhou Lite-On Mobile Electronic Components Co. Ltd.)",Front outside door handle grip,Outside Door Handle,Interior_Exterior
Americas,Tesla,Tesla,Model S (USA),2021,PSM Industries Inc. - Pacific Sintered Metals,Front outside door handle shaft lever,Outside Door Handle,Interior_Exterior
Americas,Tesla,Tesla,Model S (USA),2021,"Techniplas US, LLC (Formery Nyloncraft, Inc.)",Liftgate handle surround,Outside Door Handle,Interior_Exterior
Americas,Tesla,Tesla,Model S (USA),2021,"Techniplas US, LLC (Formery Nyloncraft, Inc.)",Outside door handle backplate,Outside Door Handle,Interior_Exterior
Americas,Tesla,Tesla,Model S (USA),2021,"Metro Plastics Technologies, Inc.",Outside door handle plug,Outside Door Handle,Interior_Exterior
Americas,Tesla,Tesla,Model S (USA),2021,"FPT Precision Technology (Guangzhou) Co., Ltd. (Formerly Guangzhou Lite-On Mobile Electronic Components Co. Ltd.)",Rear outside door handle grip,Outside Door Handle,Interior_Exterior
Americas,Tesla,Tesla,Model S (USA),2021,PSM Industries Inc. - Pacific Sintered Metals,Rear outside door handle shaft lever,Outside Door Handle,Interior_Exterior
Americas,Tesla,Tesla,Model S (USA),2021,Axiom Plastics Inc.,Front grille cover,Radiator Grille,Interior_Exterior
Americas,Tesla,Tesla,Model S (USA),2021,"Futuris Automotive Components (Wuxi) Co., Ltd.",2nd row bolster seat,Seat,Interior_Exterior
Americas,Tesla,Tesla,Model S (USA),2021,"Futuris Automotive Components (Wuxi) Co., Ltd.",2nd row seat cushion,Seat,Interior_Exterior
Americas,Tesla,Tesla,Model S (USA),2021,Mid West Fabricating Company,2nd row seat striker,Seat,Interior_Exterior
Americas,Tesla,Tesla,Model S (USA),2021,B&H Engineering,2nd row seat upper bezel,Seat,Interior_Exterior
Americas,Tesla,Tesla,Model S (USA),2021,"Blove Light Precision HK Co.,Ltd.",Front seat suspension plastic insulator,Seat,Interior_Exterior
Americas,Tesla,Tesla,Model S (USA),2021,"Futuris Automotive Components (Wuxi) Co., Ltd.",Seat cushion,Seat,Interior_Exterior
Americas,Tesla,Tesla,Model S (USA),2021,Ramko Injection Inc.,Seat hip hook,Seat,Interior_Exterior
Americas,Tesla,Tesla,Model S (USA),2021,"Quicksilver Mfg, Inc.",Front seat track cover,Seat Adjuster / Recliner,Interior_Exterior
Americas,Tesla,Tesla,Model S (USA),2021,Axiom Plastics Inc.,Seat rail cover,Seat Adjuster / Recliner,Interior_Exterior
Americas,Tesla,Tesla,Model S (USA),2021,"Faurecia Duroplast, S.A. de C.V.",Seat recliner motor,Seat Adjuster / Recliner,Interior_Exterior
Americas,Tesla,Tesla,Model S (USA),2021,"Faurecia (Wuxi) Seating Components Co., Ltd.",Seat recliner tube,Seat Adjuster / Recliner,Interior_Exterior
Americas,Tesla,Tesla,Model S (USA),2021,Ramko Injection Inc.,Seat slide round spacer,Seat Adjuster / Recliner,Interior_Exterior
Americas,Tesla,Tesla,Model S (USA),2021,Mid West Fabricating Company,Front seat belt webbing guide,Seat Belt,Interior_Exterior
Americas,Tesla,Tesla,Model S (USA),2021,"Pacific Die Cut Industries, Inc.",Rear seat frame NVH foam,Seat Frame,Interior_Exterior
Americas,Tesla,Tesla,Model S (USA),2021,"Futuris Automotive Components (Wuxi) Co., Ltd.",2nd row seat cover,Seat Trim,Interior_Exterior
Americas,Tesla,Tesla,Model S (USA),2021,"Futuris Automotive Components (Wuxi) Co., Ltd.",2nd row seat trim,Seat Trim,Interior_Exterior
Americas,Tesla,Tesla,Model S (USA),2021,"Futuris Automotive Components (Wuxi) Co., Ltd.",Driver seat jumper fabric,Seat Trim,Interior_Exterior
Americas,Tesla,Tesla,Model S (USA),2021,"Futuris Automotive Components (Wuxi) Co., Ltd.",Front seat inner side cover,Seat Trim,Interior_Exterior
Americas,Tesla,Tesla,Model S (USA),2021,"Futuris Automotive Components (Wuxi) Co., Ltd.",Front seat jumper trim,Seat Trim,Interior_Exterior
Americas,Tesla,Tesla,Model S (USA),2021,"Futuris Automotive Components (Wuxi) Co., Ltd.",Front seat trim,Seat Trim,Interior_Exterior
Americas,Tesla,Tesla,Model S (USA),2021,"Polybrite, a division of Magna Exteriors and Interiors Corp.",Double sided tape for rear spoiler,Spoiler,Interior_Exterior
Americas,Tesla,Tesla,Model S (USA),2021,Nagase America LLC - New York Headquarters,Trunk floor,Trunk / Tailgate Trim,Interior_Exterior
Americas,Tesla,Tesla,Model S (USA),2021,PDCI Automotive LLC,Trunk side thinsulate pad,Trunk / Tailgate Trim,Interior_Exterior
Americas,Tesla,Tesla,Model S (USA),2021,"Plastikon Industries, Inc.",Trunk sill,Trunk / Tailgate Trim,Interior_Exterior
Americas,Tesla,Tesla,Model S (USA),2021,"Nishikawa Rubber Co., Ltd.",Front Luggage Storage seal,Weatherstrip,Interior_Exterior
Americas,Tesla,Tesla,Model S (USA),2021,Magna Engineered Glass,Rear quarter window glass,Window Glass,Interior_Exterior
Americas,Tesla,Tesla,Model X (USA),2021,"Novares Mexico North, S. de R.L. de C.V.",A/C ventilator,A/C Ventilator,Interior_Exterior
Americas,Tesla,Tesla,Model X (USA),2021,"Blove Light Precision HK Co.,Ltd.",Parking assist retainer,Bumper,Interior_Exterior
Americas,Tesla,Tesla,Model X (USA),2021,"Techniplas US, LLC (Formery Nyloncraft, Inc.)",Rear bumper trough garnish,Bumper,Interior_Exterior
Americas,Tesla,Tesla,Model X (USA),2021,"Novares Mexico North, S. de R.L. de C.V.",2nd row console trim,Console,Interior_Exterior
Americas,Tesla,Tesla,Model X (USA),2021,Mata Ahsap ve Otomotiv San.Tic. A.S.,Carbon fiber center tunnel floor finisher,Console,Interior_Exterior
Americas,Tesla,Tesla,Model X (USA),2021,fischer automotive systems GmbH & Co. KG,Center console armrest,Console,Interior_Exterior
Americas,Tesla,Tesla,Model X (USA),2021,Ramko Injection Inc.,Center console bracket,Console,Interior_Exterior
Americas,Tesla,Tesla,Model X (USA),2021,"Eissmann Automotive North America, Inc.",Center console panel,Console,Interior_Exterior
Americas,Tesla,Tesla,Model X (USA),2021,"Novares Mexico North, S. de R.L. de C.V.",Center console sliding lid,Console,Interior_Exterior
Americas,Tesla,Tesla,Model X (USA),2021,"Mission Plastics, Inc.",Center fascia bracket,Console,Interior_Exterior
Americas,Tesla,Tesla,Model X (USA),2021,"Mission Plastics, Inc.",Console front panel,Console,Interior_Exterior
Americas,Tesla,Tesla,Model X (USA),2021,fischer automotive systems GmbH & Co. KG,Premium console sub-assembly,Console,Interior_Exterior
Americas,Tesla,Tesla,Model X (USA),2021,"Autoliv ASP, Inc. - Auburn Hills Technical Center",2nd row side curtain airbag,Curtain Airbag,Interior_Exterior
Americas,Tesla,Tesla,Model X (USA),2021,"Autoliv ASP, Inc. - Auburn Hills Technical Center",Front row side curtain airbag,Curtain Airbag,Interior_Exterior
Americas,Tesla,Tesla,Model X (USA),2021,Ramko Injection Inc.,Door cladding assembly,Door Panel,Interior_Exterior
Americas,Tesla,Tesla,Model X (USA),2021,Ramko Injection Inc.,Front door closeout panel,Door Panel,Interior_Exterior
Americas,Tesla,Tesla,Model X (USA),2021,"Eissmann Automotive North America, Inc.",B pillar lower trim,Door Trim,Interior_Exterior
Americas,Tesla,Tesla,Model X (USA),2021,Pace Industries LLC - Global Headquaters,B pillar sill reinforcement,Door Trim,Interior_Exterior
Americas,Tesla,Tesla,Model X (USA),2021,"Eissmann Automotive North America, Inc.",C pillar lower trim,Door Trim,Interior_Exterior
Americas,Tesla,Tesla,Model X (USA),2021,Mollertech South LLC,C pillar lower trim,Door Trim,Interior_Exterior
Americas,Tesla,Tesla,Model X (USA),2021,"Plastikon Industries, Inc.",C pillar trim,Door Trim,Interior_Exterior
Americas,Tesla,Tesla,Model X (USA),2021,"Eissmann Automotive North America, Inc.",C pillar trim,Door Trim,Interior_Exterior
Americas,Tesla,Tesla,Model X (USA),2021,Nix of America,Fender and door trim pin,Door Trim,Interior_Exterior
Americas,Tesla,Tesla,Model X (USA),2021,Axiom Plastics Inc.,Front door sill trim,Door Trim,Interior_Exterior
Americas,Tesla,Tesla,Model X (USA),2021,Oakwood Metal Fabricating Co.,Front door speaker grille,Door Trim,Interior_Exterior
Americas,Tesla,Tesla,Model X (USA),2021,"Novares Mexico North, S. de R.L. de C.V.",Rear door trim,Door Trim,Interior_Exterior
Americas,Tesla,Tesla,Model X (USA),2021,TRW Steering Wheels Systems de Chihuahua SA de CV,Driver airbag,Driver Airbag,Interior_Exterior
Americas,Tesla,Tesla,Model X (USA),2021,"FPT Precision Technology (Guangzhou) Co., Ltd. (Formerly Guangzhou Lite-On Mobile Electronic Components Co. Ltd.)",Front emblem,Emblem,Interior_Exterior
Americas,Tesla,Tesla,Model X (USA),2021,"LG Innotek Co., Ltd.",Left front repeater camera lamp assembly,Exterior Lighting,Interior_Exterior
Americas,Tesla,Tesla,Model X (USA),2021,"Racemark International, LLC",Rear carpet replacement,Floor Carpet,Interior_Exterior
Americas,Tesla,Tesla,Model X (USA),2021,BOS Automotive Products Irapuato S.A. DE C.V.,Trunk carpet,Floor Carpet,Interior_Exterior
Americas,Tesla,Tesla,Model X (USA),2021,McKechnie Vehicle Components (MVC),Fog lamp parking upper spear,Fog Lamp,Interior_Exterior
Americas,Tesla,Tesla,Model X (USA),2021,"Blove Light Precision HK Co.,Ltd.",Head lamp inner bracket,Head Lamp,Interior_Exterior
Americas,Tesla,Tesla,Model X (USA),2021,"Blove Light Precision HK Co.,Ltd.",Head lamp outer bracket,Head Lamp,Interior_Exterior
Americas,Tesla,Tesla,Model X (USA),2021,"Futuris Automotive Components (Wuxi) Co., Ltd.",Headliner,Headliner,Interior_Exterior
Americas,Tesla,Tesla,Model X (USA),2021,"Blove Light Precision HK Co.,Ltd.",Front headrest post guide assembly,Headrest,Interior_Exterior
Americas,Tesla,Tesla,Model X (USA),2021,Ramko Injection Inc.,Cluster binnacle lower cover,Instrument Panel,Interior_Exterior
Americas,Tesla,Tesla,Model X (USA),2021,Oakwood Metal Fabricating Co.,Defroster grill,Instrument Panel,Interior_Exterior
Americas,Tesla,Tesla,Model X (USA),2021,"Plastikon Industries, Inc.",Foot well cover,Instrument Panel,Interior_Exterior
Americas,Tesla,Tesla,Model X (USA),2021,Ramko Injection Inc.,Instrument panel cubby,Instrument Panel,Interior_Exterior
Americas,Tesla,Tesla,Model X (USA),2021,"Mission Plastics, Inc.",Instrument panel side cover,Instrument Panel,Interior_Exterior
Americas,Tesla,Tesla,Model X (USA),2021,Pacific Insight Electronics Corp. (PI),Map lamp,Interior Lighting,Interior_Exterior
Americas,Tesla,Tesla,Model X (USA),2021,Pacific Insight Electronics Corp. (PI),Rear door welcome lamp,Interior Lighting,Interior_Exterior
Americas,Tesla,Tesla,Model X (USA),2021,"Magna Mirrors of America, Inc.",Interior mirror (with monocular camera),Interior Mirror,Interior_Exterior
Americas,Tesla,Tesla,Model X (USA),2021,"Mission Plastics, Inc.",Interior mirror cover,Interior Mirror,Interior_Exterior
Americas,Tesla,Tesla,Model X (USA),2021,"Autoliv ASP, Inc. - Auburn Hills Technical Center",Triple camera glare shield,Interior Mirror,Interior_Exterior
Americas,Tesla,Tesla,Model X (USA),2021,"Plastikon Industries, Inc.",Front door sill,Molding (Body Side),Interior_Exterior
Americas,Tesla,Tesla,Model X (USA),2021,"FPT Precision Technology (Guangzhou) Co., Ltd. (Formerly Guangzhou Lite-On Mobile Electronic Components Co. Ltd.)",Front outside door handle cover,Outside Door Handle,Interior_Exterior
Americas,Tesla,Tesla,Model X (USA),2021,"FPT Precision Technology (Guangzhou) Co., Ltd. (Formerly Guangzhou Lite-On Mobile Electronic Components Co. Ltd.)",Liftgate handle,Outside Door Handle,Interior_Exterior
Americas,Tesla,Tesla,Model X (USA),2021,"Blove Light Precision HK Co.,Ltd.",Outdoor handle hemline cover,Outside Door Handle,Interior_Exterior
Americas,Tesla,Tesla,Model X (USA),2021,"FPT Precision Technology (Guangzhou) Co., Ltd. (Formerly Guangzhou Lite-On Mobile Electronic Components Co. Ltd.)",Rear outside door handle cover,Outside Door Handle,Interior_Exterior
Americas,Tesla,Tesla,Model X (USA),2021,Joyson Safety Systems Aschaffenburg GmbH (Formerly Takata AG),Passenger airbag,Passenger Airbag,Interior_Exterior
Americas,Tesla,Tesla,Model X (USA),2021,"Mission Plastics, Inc.",Dead pedal support,Pedal,Interior_Exterior
Americas,Tesla,Tesla,Model X (USA),2021,"Plastikon Industries, Inc.",Front upper grille carrier,Radiator Grille,Interior_Exterior
Americas,Tesla,Tesla,Model X (USA),2021,Foam Fabricators Inc.,2nd row seat spacer,Seat,Interior_Exterior
Americas,Tesla,Tesla,Model X (USA),2021,BOS Automotive Products Irapuato S.A. DE C.V.,3rd row seat luggage hook,Seat,Interior_Exterior
Americas,Tesla,Tesla,Model X (USA),2021,"Futuris Automotive Components (Wuxi) Co., Ltd.",3rd row seat reinforcement,Seat,Interior_Exterior
Americas,Tesla,Tesla,Model X (USA),2021,"Blove Light Precision HK Co.,Ltd.",Front seat suspension plastic insulator,Seat,Interior_Exterior
Americas,Tesla,Tesla,Model X (USA),2021,Tesla,Seat,Seat,Interior_Exterior
Americas,Tesla,Tesla,Model X (USA),2021,"Mission Plastics, Inc.",Seat bracket cover,Seat,Interior_Exterior
Americas,Tesla,Tesla,Model X (USA),2021,"Quicksilver Mfg, Inc.",Seat bracket cover,Seat,Interior_Exterior
Americas,Tesla,Tesla,Model X (USA),2021,"Quicksilver Mfg, Inc.",Seat gap hider harpoon bracket,Seat,Interior_Exterior
Americas,Tesla,Tesla,Model X (USA),2021,Bart Manufacturing Inc.,Seat motor drive shaft,Seat,Interior_Exterior
Americas,Tesla,Tesla,Model X (USA),2021,"Futuris Automotive Components (Wuxi) Co., Ltd.",2nd row seat slide catcher bracket,Seat Adjuster / Recliner,Interior_Exterior
Americas,Tesla,Tesla,Model X (USA),2021,"Futuris Automotive Components (Wuxi) Co., Ltd.",Front seat adjuster,Seat Adjuster / Recliner,Interior_Exterior
Americas,Tesla,Tesla,Model X (USA),2021,Multimatic Anton Mfg,Seat pitch strut rod,Seat Adjuster / Recliner,Interior_Exterior
Americas,Tesla,Tesla,Model X (USA),2021,Axiom Plastics Inc.,Seat rail cover,Seat Adjuster / Recliner,Interior_Exterior
Americas,Tesla,Tesla,Model X (USA),2021,"Faurecia Duroplast, S.A. de C.V.",Seat recliner motor,Seat Adjuster / Recliner,Interior_Exterior
Americas,Tesla,Tesla,Model X (USA),2021,Mid West Fabricating Company,Front seat belt webbing guide,Seat Belt,Interior_Exterior
Americas,Tesla,Tesla,Model X (USA),2021,"TACHI-S Co., Ltd.",Rear seat frame,Seat Frame,Interior_Exterior
Americas,Tesla,Tesla,Model X (USA),2021,"Plascore, Inc.",2nd row seat cover assembly,Seat Trim,Interior_Exterior
Americas,Tesla,Tesla,Model X (USA),2021,"Plascore, Inc.",Front seat cover assembly,Seat Trim,Interior_Exterior
Americas,Tesla,Tesla,Model X (USA),2021,Multimatic Anton Mfg,Active spoiler,Spoiler,Interior_Exterior
Americas,Tesla,Tesla,Model X (USA),2021,"Polycon Industries, a division of Magna Exteriors and Interiors Corp.",Lower wing spoiler,Spoiler,Interior_Exterior
Americas,Tesla,Tesla,Model X (USA),2021,Ramko Injection Inc.,Parcel shelf support,Trunk / Tailgate Trim,Interior_Exterior
Americas,Tesla,Tesla,Model X (USA),2021,Proto Labs Inc.,Trunk floor spacer,Trunk / Tailgate Trim,Interior_Exterior
Americas,Tesla,Tesla,Model X (USA),2021,"Mission Plastics, Inc.",Trunk floor support,Trunk / Tailgate Trim,Interior_Exterior
Americas,Tesla,Tesla,Model X (USA),2021,Foam Fabricators Inc.,Trunk side trim,Trunk / Tailgate Trim,Interior_Exterior
Americas,Tesla,Tesla,Model X (USA),2021,Mollertech South LLC,Trunk side trim,Trunk / Tailgate Trim,Interior_Exterior
Americas,Tesla,Tesla,Model X (USA),2021,NIFCO America Corporation,Door window glass plug,Window Glass,Interior_Exterior
China,Tesla China,Tesla,Model Y (4WD) (China),2021,"Shanghai Lingang Joyson Safety Systems Co., Ltd.",Airbag,Driver Airbag,Interior_Exterior
China,Tesla China,Tesla,Model Y (RR) (China),2021,HUAYU Automotive Systems Company Limited,Bumper,Bumper,Interior_Exterior
China,Tesla China,Tesla,Model Y (RR) (China),2021,"Shanghai Faurecia Automotive Seating Co., Ltd.",Cockpit module,Cockpit Module,Interior_Exterior
China,Tesla China,Tesla,Model Y (RR) (China),2021,"Jiangsu Xinquan Automotive Trim Co., Ltd.",Center console,Console,Interior_Exterior
China,Tesla China,Tesla,Model Y (RR) (China),2021,"Shanghai Lingang Joyson Safety Systems Co., Ltd.",Head curtain airbag,Curtain Airbag,Interior_Exterior
China,Tesla China,Tesla,Model Y (RR) (China),2021,"Ningbo Laolunsi Automotive Interior Co., Ltd.",Door trim,Door Trim,Interior_Exterior
China,Tesla China,Tesla,Model Y (RR) (China),2021,"Shanghai Lingang Joyson Safety Systems Co., Ltd.",Driver airbag,Driver Airbag,Interior_Exterior
China,Tesla China,Tesla,Model Y (RR) (China),2021,"Ningbo Huaxiang Electronic Co., Ltd.",Exterior mirror,Exterior Mirror,Interior_Exterior
China,Tesla China,Tesla,Model Y (RR) (China),2021,"Shanghai Lingang Joyson Safety Systems Co., Ltd.",Knee airbag,Knee Airbag,Interior_Exterior
China,Tesla China,Tesla,Model Y (RR) (China),2021,"Shanghai Superior Die Technology Co., Ltd.",Body side,Molding (Body Side),Interior_Exterior
China,Tesla China,Tesla,Model Y (RR) (China),2021,HUAYU Automotive Systems Company Limited,Body side module,Molding (Body Side),Interior_Exterior
China,Tesla China,Tesla,Model Y (RR) (China),2021,"Shanghai Lingang Joyson Safety Systems Co., Ltd.",Passenger airbag,Passenger Airbag,Interior_Exterior
China,Tesla China,Tesla,Model Y (RR) (China),2021,"Futuris Hi-Tech Auto Parts (Shanghai) Co., Ltd. (Formerly Adient (Shanghai) Seating Co., Ltd.)",Seat,Seat,Interior_Exterior
China,Tesla China,Tesla,Model Y (RR) (China),2021,"Shanghai Meridian Magnesium Products Co., Ltd.",Seat bracket,Seat,Interior_Exterior
China,Tesla China,Tesla,Model Y (RR) (China),2021,"Shanghai Lingang Joyson Safety Systems Co., Ltd.",Seat belt,Seat Belt,Interior_Exterior
China,Tesla China,Tesla,Model Y (RR) (China),2021,"Wuxi Xiongwei Jinggong Technology Co., Ltd.",Seat frame,Seat Frame,Interior_Exterior
China,Tesla China,Tesla,Model Y (RR) (China),2021,"Shanghai Lingang Joyson Safety Systems Co., Ltd.",Side airbag,Side Airbag,Interior_Exterior
China,Tesla China,Tesla,Model Y (RR) (China),2021,"Shanghai Daimay Automotive Interior Co., Ltd.",Sun visor,Sun Visor,Interior_Exterior
China,Tesla China,Tesla,Model Y (RR) (China),2021,"Fuyao Group (Shanghai) Automobile Glass Co., Ltd.",Front door window glass,Window Glass,Interior_Exterior
China,Tesla China,Tesla,Model Y (RR) (China),2021,"Fuyao Group (Shanghai) Automobile Glass Co., Ltd.",Front window glass,Window Glass,Interior_Exterior
China,Tesla China,Tesla,Model Y (RR) (China),2021,"Fuyao Group (Shanghai) Automobile Glass Co., Ltd.",Rear door window glass,Window Glass,Interior_Exterior
China,Tesla China,Tesla,Model Y (RR) (China),2021,"Fuyao Group (Shanghai) Automobile Glass Co., Ltd.",Rear quarter window glass,Window Glass,Interior_Exterior
China,Tesla China,Tesla,Model Y (RR) (China),2021,"Fuyao Group (Shanghai) Automobile Glass Co., Ltd.",Rear window glass,Window Glass,Interior_Exterior
Americas,Tesla,Tesla,Model Y (USA),2021,Compagnie Plastic Omnium SE,Front bumper,Bumper,Interior_Exterior
Americas,Tesla,Tesla,Model Y (USA),2021,Compagnie Plastic Omnium SE,Rear bumper,Bumper,Interior_Exterior
Americas,Tesla,Tesla,Model Y (USA),2021,Faurecia SE (FORVIA faurecia),Door panel component,Door Panel,Interior_Exterior
Americas,Tesla,Tesla,Model Y (USA),2021,Joyson Safety Systems Aschaffenburg GmbH (Formerly Takata AG),Driver airbag,Driver Airbag,Interior_Exterior
Americas,Tesla,Tesla,Model Y (USA),2021,SMR Automotive Systems USA Inc.,Exterior mirror,Exterior Mirror,Interior_Exterior
Americas,Tesla,Tesla,Model Y (USA),2021,Marelli Automotive Lighting USA LLC (Formerly Automotive Lighting LLC),Head lamp,Head Lamp,Interior_Exterior
Americas,Tesla,Tesla,Model Y (USA),2021,Hella GmbH & Co. KGaA (FORVIA HELLA),Headlight housing,Head Lamp,Interior_Exterior
Americas,Tesla,Tesla,Model Y (USA),2021,Marelli Automotive Lighting USA LLC (Formerly Automotive Lighting LLC),LED head lamp,Head Lamp,Interior_Exterior
Americas,Tesla,Tesla,Model Y (USA),2021,Faurecia SE (FORVIA faurecia),Instrument panel,Instrument Panel,Interior_Exterior
Americas,Tesla,Tesla,Model Y (USA),2021,Compagnie Plastic Omnium SE,Active grille shutter,Radiator Grille,Interior_Exterior
Americas,Tesla,Tesla,Model Y (USA),2021,Bosch [Robert Bosch LLC],Seat adjuster motor,Seat Adjuster / Recliner,Interior_Exterior
Americas,Tesla,Tesla,Model Y (USA),2021,Bosch [Robert Bosch LLC],Seat recliner motor,Seat Adjuster / Recliner,Interior_Exterior
Americas,Tesla,Tesla,Model Y (USA),2021,"Stoneridge, Inc.",Seat track position sensor,Seat Adjuster / Recliner,Interior_Exterior
Americas,Tesla,Tesla,Model Y (USA),2021,"Autoliv ASP, Inc. - Auburn Hills Technical Center",Front row seat belt pretensioner,Seat Belt Pretensioner,Interior_Exterior
Americas,Tesla,Tesla,Model Y (USA),2021,"Autoliv ASP, Inc. - Auburn Hills Technical Center",Front seat belt retractor,Seat Belt Pretensioner,Interior_Exterior
Americas,Tesla,Tesla,Model Y (USA),2021,Alfmeier Friedrichs & Rath LLC,4-way pneumatic lumbar support (front seat),Seat Lumbar Support,Interior_Exterior
Americas,Tesla,Tesla,Model Y (USA),2021,Compagnie de Saint-Gobain S.A.,Front door window glass,Window Glass,Interior_Exterior
Americas,Tesla,Tesla,Model Y (USA),2021,Compagnie de Saint-Gobain S.A.,Rear door window glass,Window Glass,Interior_Exterior
China,Tesla China,Tesla,Model 3 (RR) (China),2020,"Jiangnan Mould & Plastic Technology Co., Ltd.",Bumper,Bumper,Interior_Exterior
China,Tesla China,Tesla,Model 3 (RR) (China),2020,"Nanjing Yunhai Special Metals Co., Ltd.",Center console bracket,Console,Interior_Exterior
China,Tesla China,Tesla,Model 3 (RR) (China),2020,Ningbo Joyson Electronic Corporation,Airbag,Driver Airbag,Interior_Exterior
China,Tesla China,Tesla,Model 3 (RR) (China),2020,"HELLA Jiaxing Lighting Co., Ltd.",Head lamp,Head Lamp,Interior_Exterior
China,Tesla China,Tesla,Model 3 (RR) (China),2020,"Nanjing Yunhai Special Metals Co., Ltd.",Instrument panel bracket,Instrument Panel,Interior_Exterior
China,Tesla China,Tesla,Model 3 (RR) (China),2020,"Futuris Automotive Components (Wuxi) Co., Ltd.",Seat,Seat,Interior_Exterior
China,Tesla China,Tesla,Model 3 (RR) (China),2020,"Nanjing Yunhai Special Metals Co., Ltd.",Seat bracket,Seat,Interior_Exterior
China,Tesla China,Tesla,Model 3 (RR) (China),2020,"Zhejiang Hailide New Material Co., Ltd.",Seat belt,Seat Belt,Interior_Exterior
China,Tesla China,Tesla,Model 3 (RR) (China),2020,"Shanghai Daimay Automotive Interior Co., Ltd.",Sun visor,Sun Visor,Interior_Exterior
China,Tesla China,Tesla,Model 3 (RR) (China),2020,AGC Automotive (Suzhou) Inc.,Window glass,Window Glass,Interior_Exterior
Americas,Tesla,Tesla,Model 3 (USA),2020,Autoliv Inc.,Curtain airbag,Curtain Airbag,Interior_Exterior
Americas,Tesla,Tesla,Model 3 (USA),2020,"Joyson Safety Systems (Formerly Key Safety Systems, Inc.)",Driver airbag,Driver Airbag,Interior_Exterior
Americas,Tesla,Tesla,Model 3 (USA),2020,Marelli Automotive Lighting USA LLC (Formerly Automotive Lighting LLC),Headlight housing,Head Lamp,Interior_Exterior
Americas,Tesla,Tesla,Model 3 (USA),2020,Hella GmbH & Co. KGaA (FORVIA HELLA),Headlight housing,Head Lamp,Interior_Exterior
Americas,Tesla,Tesla,Model 3 (USA),2020,Autoliv Inc.,Front passenger knee airbag,Knee Airbag,Interior_Exterior
Americas,Tesla,Tesla,Model 3 (USA),2020,Joyson Safety Systems Aschaffenburg GmbH (Formerly Takata AG),Front passenger knee airbag,Knee Airbag,Interior_Exterior
Americas,Tesla,Tesla,Model 3 (USA),2020,Autoliv Inc.,Passenger airbag,Passenger Airbag,Interior_Exterior
Americas,Tesla,Tesla,Model 3 (USA),2020,Valeo Group,Active grille shutter,Radiator Grille,Interior_Exterior
Americas,Tesla,Tesla,Model 3 (USA),2020,Bosch [Robert Bosch LLC],Seat recliner motor,Seat Adjuster / Recliner,Interior_Exterior
Americas,Tesla,Tesla,Model 3 (USA),2020,"Autoliv ASP, Inc. - Auburn Hills Technical Center",Front row seat belt pretensioner,Seat Belt Pretensioner,Interior_Exterior
Americas,Tesla,Tesla,Model 3 (USA),2020,"Autoliv ASP, Inc. - Auburn Hills Technical Center",Front seat belt retractor,Seat Belt Pretensioner,Interior_Exterior
Americas,Tesla,Tesla,Model 3 (USA),2020,"Autoliv ASP, Inc. - Auburn Hills Technical Center",Rear seat belt retractor,Seat Belt Pretensioner,Interior_Exterior
Americas,Tesla,Tesla,Model 3 (USA),2020,Faurecia SE (FORVIA faurecia),Driver seat bottom frame,Seat Frame,Interior_Exterior
Americas,Tesla,Tesla,Model 3 (USA),2020,Autoliv Inc.,Side airbag,Side Airbag,Interior_Exterior
Americas,Tesla,Tesla,Model S (USA),2020,fischer automotive systems GmbH & Co. KG,Console box,Console,Interior_Exterior
Americas,Tesla,Tesla,Model S (USA),2020,"Plastic Omnium Lighting Systems Inc. - Plymouth (Formerly Varroc Lighting Systems, Inc.)",Head lamp ballast,Head Lamp,Interior_Exterior
Americas,Tesla,Tesla,Model X (USA),2020,fischer automotive systems GmbH & Co. KG,Console box,Console,Interior_Exterior
Americas,Tesla,Tesla,Model X (USA),2020,Autoliv Inc.,Curtain airbag,Curtain Airbag,Interior_Exterior
Americas,Tesla,Tesla,Model X (USA),2020,Joyson Safety Systems Aschaffenburg GmbH (Formerly Takata AG),Passenger airbag,Passenger Airbag,Interior_Exterior
China,Tesla China,Tesla,Model Y (RR) (China),2020,"Shanghai Daimay Automotive Interior Co., Ltd.",Sun visor,Sun Visor,Interior_Exterior
Americas,Tesla,Tesla,Model Y (USA),2020,Faurecia SE (FORVIA faurecia),"A/C ventilator finisher (Sourced by MUNRO & ASSOCIATES, USA)",A/C Ventilator,Interior_Exterior
Americas,Tesla,Tesla,Model Y (USA),2020,"Yanfeng Automotive Interiors Co., Ltd.","Center console assembly (Sourced by MUNRO & ASSOCIATES, USA)",Console,Interior_Exterior
Americas,Tesla,Tesla,Model Y (USA),2020,"Yanfeng Automotive Interiors Co., Ltd.","Cup holder frame (Sourced by MUNRO & ASSOCIATES, USA)","Cup Holder, etc",Interior_Exterior
Americas,Tesla,Tesla,Model Y (USA),2020,Autoliv Inc.,"Curtain airbag (Sourced by MUNRO & ASSOCIATES, USA)",Curtain Airbag,Interior_Exterior
Americas,Tesla,Tesla,Model Y (USA),2020,"Brose Fahrzeugteile SE & Co. KG, Coburg","Door panel assembly (Sourced by MUNRO & ASSOCIATES, USA)",Door Panel,Interior_Exterior
Americas,Tesla,Tesla,Model Y (USA),2020,NYX Incorporated,"A pillar sill trim (Sourced by MUNRO & ASSOCIATES, USA)",Door Trim,Interior_Exterior
Americas,Tesla,Tesla,Model Y (USA),2020,NYX Incorporated,"B pillar trim assembly (Sourced by MUNRO & ASSOCIATES, USA)",Door Trim,Interior_Exterior
Americas,Tesla,Tesla,Model Y (USA),2020,Faurecia SE (FORVIA faurecia),"Door armrest (Sourced by MUNRO & ASSOCIATES, USA)",Door Trim,Interior_Exterior
Americas,Tesla,Tesla,Model Y (USA),2020,Faurecia SE (FORVIA faurecia),"Door trim (Sourced by MUNRO & ASSOCIATES, USA)",Door Trim,Interior_Exterior
Americas,Tesla,Tesla,Model Y (USA),2020,Joyson Safety Systems Aschaffenburg GmbH (Formerly Takata AG),Driver airbag,Driver Airbag,Interior_Exterior
Americas,Tesla,Tesla,Model Y (USA),2020,Autoliv Inc.,Driver airbag,Driver Airbag,Interior_Exterior
Americas,Tesla,Tesla,Model Y (USA),2020,Marelli Automotive Lighting USA LLC (Formerly Automotive Lighting LLC),Front turn signal lamp,Exterior Lighting,Interior_Exterior
Americas,Tesla,Tesla,Model Y (USA),2020,SMR Automotive Systems USA Inc.,"Exterior mirror (Sourced by MUNRO & ASSOCIATES, USA)",Exterior Mirror,Interior_Exterior
Americas,Tesla,Tesla,Model Y (USA),2020,Mirror Controls International-Head Office,"Mirror folding motor (Sourced by MUNRO & ASSOCIATES, USA)",Exterior Mirror,Interior_Exterior
Americas,Tesla,Tesla,Model Y (USA),2020,Magna International Inc.,"Tilt mirror actuator (Sourced by MUNRO & ASSOCIATES, USA)",Exterior Mirror,Interior_Exterior
Americas,Tesla,Tesla,Model Y (USA),2020,Marelli Automotive Lighting USA LLC (Formerly Automotive Lighting LLC),"Fog lamp (Sourced by MUNRO & ASSOCIATES, USA)",Fog Lamp,Interior_Exterior
Americas,Tesla,Tesla,Model Y (USA),2020,Faurecia SE (FORVIA faurecia),"Glove box (Sourced by MUNRO & ASSOCIATES, USA)",Glove Box,Interior_Exterior
Americas,Tesla,Tesla,Model Y (USA),2020,Marelli Automotive Lighting USA LLC (Formerly Automotive Lighting LLC),Head lamp housing,Head Lamp,Interior_Exterior
Americas,Tesla,Tesla,Model Y (USA),2020,Hella GmbH & Co. KGaA (FORVIA HELLA),Headlight housing,Head Lamp,Interior_Exterior
Americas,Tesla,Tesla,Model Y (USA),2020,"Plastikon Industries, Inc.","Headliner (Sourced by MUNRO & ASSOCIATES, USA)",Headliner,Interior_Exterior
Americas,Tesla,Tesla,Model Y (USA),2020,Faurecia SE (FORVIA faurecia),"Wood trim bezel for instrument panel (Sourced by MUNRO & ASSOCIATES, USA)",Instrument Panel,Interior_Exterior
Americas,Tesla,Tesla,Model Y (USA),2020,Autoliv Inc.,Knee airbag,Knee Airbag,Interior_Exterior
Americas,Tesla,Tesla,Model Y (USA),2020,Autoliv Inc.,"Passenger airbag (Sourced by MUNRO & ASSOCIATES, USA)",Passenger Airbag,Interior_Exterior
Americas,Tesla,Tesla,Model Y (USA),2020,KSR International Inc.,"Pedal bracket assembly (Sourced by MUNRO & ASSOCIATES, USA)",Pedal,Interior_Exterior
Americas,Tesla,Tesla,Model Y (USA),2020,"HBPO North America, Inc.","Active grille shutter (Sourced by MUNRO & ASSOCIATES, USA)",Radiator Grille,Interior_Exterior
Americas,Tesla,Tesla,Model Y (USA),2020,Adient plc (Formerly Automotive seating business division of Johnson Controls Inc.),"Seat (Sourced by MUNRO & ASSOCIATES, USA)",Seat,Interior_Exterior
Americas,Tesla,Tesla,Model Y (USA),2020,"Autoliv ASP, Inc. - Auburn Hills Technical Center",Front seat belt,Seat Belt,Interior_Exterior
Americas,Tesla,Tesla,Model Y (USA),2020,"Autoliv ASP, Inc. - Auburn Hills Technical Center",Rear seat belt,Seat Belt,Interior_Exterior
Americas,Tesla,Tesla,Model Y (USA),2020,"Autoliv ASP, Inc. - Auburn Hills Technical Center",Front row seat belt pretensioner,Seat Belt Pretensioner,Interior_Exterior
Americas,Tesla,Tesla,Model Y (USA),2020,"Autoliv ASP, Inc. - Auburn Hills Technical Center",Front seat belt retractor,Seat Belt Pretensioner,Interior_Exterior
Americas,Tesla,Tesla,Model Y (USA),2020,"Faurecia Interior Systems, Inc.",Seat frame,Seat Frame,Interior_Exterior
Americas,Tesla,Tesla,Model Y (USA),2020,"Leggett & Platt, Inc.","Seat suspension (Sourced by MUNRO & ASSOCIATES, USA)",Seat Frame,Interior_Exterior
Americas,Tesla,Tesla,Model Y (USA),2020,Autoliv Inc.,Side airbag,Side Airbag,Interior_Exterior
Americas,Tesla,Tesla,Model Y (USA),2020,"Plastikon Industries, Inc.","Liftgate trim (Sourced by MUNRO & ASSOCIATES, USA)",Trunk / Tailgate Trim,Interior_Exterior
Americas,Tesla,Tesla,Model Y (USA),2020,NYX Incorporated,"Trunk sill cover (Sourced by MUNRO & ASSOCIATES, USA)",Trunk / Tailgate Trim,Interior_Exterior
Americas,Tesla,Tesla,Model Y (USA),2020,Fuyao Glass America Inc.,"Quarter window glass (Sourced by MUNRO & ASSOCIATES, USA)",Window Glass,Interior_Exterior
Americas,Tesla,Tesla,Model Y (USA),2020,Compagnie de Saint-Gobain S.A.,"Window glass (Sourced by MUNRO & ASSOCIATES, USA)",Window Glass,Interior_Exterior
China,Tesla China,Tesla,Model 3 (RR) (China),2019,"Jiangnan Mould & Plastic Technology Co., Ltd.",Bumper,Bumper,Interior_Exterior
China,Tesla China,Tesla,Model 3 (RR) (China),2019,"HELLA Jiaxing Lighting Co., Ltd.",Head lamp,Head Lamp,Interior_Exterior
China,Tesla China,Tesla,Model 3 (RR) (China),2019,Magna International Inc.,Headliner,Headliner,Interior_Exterior
China,Tesla China,Tesla,Model 3 (RR) (China),2019,"Golde Auto Parts (Changchun) Co., Ltd.(Formerly Inteva Auto Parts (Changchun) Co., Ltd.)",Instrument panel,Instrument Panel,Interior_Exterior
China,Tesla China,Tesla,Model 3 (RR) (China),2019,"Magna Mirrors (Shanghai) Co., Ltd.",Interior mirror,Interior Mirror,Interior_Exterior
China,Tesla China,Tesla,Model 3 (RR) (China),2019,Magna International Inc.,Grille,Radiator Grille,Interior_Exterior
China,Tesla China,Tesla,Model 3 (RR) (China),2019,"HELLA Jiaxing Lighting Co., Ltd.",Rear lamp,Rear Lamp,Interior_Exterior
China,Tesla China,Tesla,Model 3 (RR) (China),2019,"Futuris Automotive Components (Wuxi) Co., Ltd.",Seat,Seat,Interior_Exterior
China,Tesla China,Tesla,Model 3 (RR) (China),2019,"Anhui Zhongding Sealing Parts Co., Ltd.",Weatherstrip,Weatherstrip,Interior_Exterior
China,Tesla China,Tesla,Model 3 (RR) (China),2019,AGC Automotive (Suzhou) Inc.,Window glass,Window Glass,Interior_Exterior
Americas,Tesla,Tesla,Model 3 (USA),2019,Autoliv Inc.,Curtain airbag,Curtain Airbag,Interior_Exterior
Americas,Tesla,Tesla,Model 3 (USA),2019,Marelli Automotive Lighting USA LLC (Formerly Automotive Lighting LLC),Headlight housing,Head Lamp,Interior_Exterior
Americas,Tesla,Tesla,Model 3 (USA),2019,Hella GmbH & Co. KGaA (FORVIA HELLA),Headlight housing,Head Lamp,Interior_Exterior
Americas,Tesla,Tesla,Model 3 (USA),2019,Autoliv Inc.,Front passenger knee airbag,Knee Airbag,Interior_Exterior
Americas,Tesla,Tesla,Model 3 (USA),2019,Joyson Safety Systems Aschaffenburg GmbH (Formerly Takata AG),Front passenger knee airbag,Knee Airbag,Interior_Exterior
Americas,Tesla,Tesla,Model 3 (USA),2019,Autoliv Inc.,Passenger airbag,Passenger Airbag,Interior_Exterior
Americas,Tesla,Tesla,Model 3 (USA),2019,Valeo Group,Active grille shutter,Radiator Grille,Interior_Exterior
Americas,Tesla,Tesla,Model 3 (USA),2019,Bosch [Robert Bosch LLC],Seat recliner motor,Seat Adjuster / Recliner,Interior_Exterior
Americas,Tesla,Tesla,Model 3 (USA),2019,"Joyson Safety Systems (Formerly Key Safety Systems, Inc.)",Front seat belt,Seat Belt,Interior_Exterior
Americas,Tesla,Tesla,Model 3 (USA),2019,"Joyson Safety Systems (Formerly Key Safety Systems, Inc.)",Rear seat belt,Seat Belt,Interior_Exterior
Americas,Tesla,Tesla,Model 3 (USA),2019,Faurecia SE (FORVIA faurecia),Driver seat bottom frame,Seat Frame,Interior_Exterior
Americas,Tesla,Tesla,Model 3 (USA),2019,Autoliv Inc.,Side airbag,Side Airbag,Interior_Exterior
Americas,Tesla,Tesla,Model 3 (USA),2019,Compagnie de Saint-Gobain S.A.,Front door window glass,Window Glass,Interior_Exterior
Americas,Tesla,Tesla,Model 3 (USA),2019,Compagnie de Saint-Gobain S.A.,Front quarter window glass,Window Glass,Interior_Exterior
Americas,Tesla,Tesla,Model 3 (USA),2019,Compagnie de Saint-Gobain S.A.,Front window glass,Window Glass,Interior_Exterior
Americas,Tesla,Tesla,Model 3 (USA),2019,Compagnie de Saint-Gobain S.A.,Rear door window glass,Window Glass,Interior_Exterior
Americas,Tesla,Tesla,Model 3 (USA),2019,Compagnie de Saint-Gobain S.A.,Rear quarter window glass,Window Glass,Interior_Exterior
Americas,Tesla,Tesla,Model S (USA),2019,"Plastic Omnium Lighting Systems Inc. - Plymouth (Formerly Varroc Lighting Systems, Inc.)",Head lamp ballast,Head Lamp,Interior_Exterior
Americas,Tesla,Tesla,Model S (USA),2019,"Joyson Safety Systems (Formerly Key Safety Systems, Inc.)",Front seat belt,Seat Belt,Interior_Exterior
Americas,Tesla,Tesla,Model S (USA),2019,"Joyson Safety Systems (Formerly Key Safety Systems, Inc.)",Rear seat belt,Seat Belt,Interior_Exterior
Americas,Tesla,Tesla,Model X (USA),2019,Autoliv Inc.,Curtain airbag,Curtain Airbag,Interior_Exterior
Americas,Tesla,Tesla,Model X (USA),2019,Joyson Safety Systems Aschaffenburg GmbH (Formerly Takata AG),Passenger airbag,Passenger Airbag,Interior_Exterior
Americas,Tesla,Tesla,Model Y (USA),2019,Marelli Automotive Lighting USA LLC (Formerly Automotive Lighting LLC),Headlight housing,Head Lamp,Interior_Exterior
Americas,Tesla,Tesla,Model Y (USA),2019,Hella GmbH & Co. KGaA (FORVIA HELLA),Headlight housing,Head Lamp,Interior_Exterior
Americas,Tesla,Tesla,Model 3 (USA),2018,Faurecia SE (FORVIA faurecia),"A/C ventilator (Sourced by MUNRO & ASSOCIATES, USA)",A/C Ventilator,Interior_Exterior
Americas,Tesla,Tesla,Model 3 (USA),2018,"Yanfeng Automotive Interiors Co., Ltd.","Console armrest inner half (Sourced by MUNRO & ASSOCIATES, USA)",Console,Interior_Exterior
Americas,Tesla,Tesla,Model 3 (USA),2018,"Yanfeng Automotive Interiors Co., Ltd.","Console armrest outer half (Sourced by MUNRO & ASSOCIATES, USA)",Console,Interior_Exterior
Americas,Tesla,Tesla,Model 3 (USA),2018,"Yanfeng Automotive Interiors Co., Ltd.","Console Structure Frame (Sourced by MUNRO & ASSOCIATES, USA)",Console,Interior_Exterior
Americas,Tesla,Tesla,Model 3 (USA),2018,"Yanfeng Automotive Interiors Co., Ltd.","Console: phone tray mount (Sourced by MUNRO & ASSOCIATES, USA)",Console,Interior_Exterior
Americas,Tesla,Tesla,Model 3 (USA),2018,"Yanfeng Automotive Interiors Co., Ltd.","Cup holder frame (Sourced by MUNRO & ASSOCIATES, USA)","Cup Holder, etc",Interior_Exterior
Americas,Tesla,Tesla,Model 3 (USA),2018,Autoliv Inc.,"Curtain airbag (right & left) (Sourced by MUNRO & ASSOCIATES, USA)",Curtain Airbag,Interior_Exterior
Americas,Tesla,Tesla,Model 3 (USA),2018,Dräxlmaier Group (Fritz Dräxlmaier GmbH & Co. KG),"Front door inner panel (Sourced by MUNRO & ASSOCIATES, USA)",Door Panel,Interior_Exterior
Americas,Tesla,Tesla,Model 3 (USA),2018,NYX Incorporated,"A pillar trim (Sourced by MUNRO & ASSOCIATES, USA)",Door Trim,Interior_Exterior
Americas,Tesla,Tesla,Model 3 (USA),2018,Dräxlmaier Group (Fritz Dräxlmaier GmbH & Co. KG),"Door armrest (Sourced by MUNRO & ASSOCIATES, USA)",Door Trim,Interior_Exterior
Americas,Tesla,Tesla,Model 3 (USA),2018,Dräxlmaier Group (Fritz Dräxlmaier GmbH & Co. KG),"Rear door trim (Sourced by MUNRO & ASSOCIATES, USA)",Door Trim,Interior_Exterior
Americas,Tesla,Tesla,Model 3 (USA),2018,"Joyson Safety Systems (Formerly Key Safety Systems, Inc.)","Driver airbag (Sourced by MUNRO & ASSOCIATES, USA)",Driver Airbag,Interior_Exterior
Americas,Tesla,Tesla,Model 3 (USA),2018,DEMMEL AG,"Front Door Sill Emblem (Sourced by MUNRO & ASSOCIATES, USA)",Emblem,Interior_Exterior
Americas,Tesla,Tesla,Model 3 (USA),2018,"Grakon, LLC","Rear reflector (Sourced by MUNRO & ASSOCIATES, USA)",Exterior Lighting,Interior_Exterior
Americas,Tesla,Tesla,Model 3 (USA),2018,Marelli Automotive Lighting USA LLC (Formerly Automotive Lighting LLC),"Turn signal lamp (Sourced by MUNRO & ASSOCIATES, USA)",Exterior Lighting,Interior_Exterior
Americas,Tesla,Tesla,Model 3 (USA),2018,SMR Automotive Systems USA Inc.,"Door mirror assembly (Sourced by MUNRO & ASSOCIATES, USA)",Exterior Mirror,Interior_Exterior
Americas,Tesla,Tesla,Model 3 (USA),2018,SMR Automotive Systems USA Inc.,Exterior mirror,Exterior Mirror,Interior_Exterior
Americas,Tesla,Tesla,Model 3 (USA),2018,SMR Automotive Systems USA Inc.,"Exterior mirror housing (Sourced by MUNRO & ASSOCIATES, USA)",Exterior Mirror,Interior_Exterior
Americas,Tesla,Tesla,Model 3 (USA),2018,SMR Automotive Systems USA Inc.,"Mirror bracket (Sourced by MUNRO & ASSOCIATES, USA)",Exterior Mirror,Interior_Exterior
Americas,Tesla,Tesla,Model 3 (USA),2018,Mirror Controls International-Head Office,"Mirror folding motor (Sourced by MUNRO & ASSOCIATES, USA)",Exterior Mirror,Interior_Exterior
Americas,Tesla,Tesla,Model 3 (USA),2018,Magna International Inc.,"Tilt mirror actuator (Sourced by MUNRO & ASSOCIATES, USA)",Exterior Mirror,Interior_Exterior
Americas,Tesla,Tesla,Model 3 (USA),2018,Faurecia SE (FORVIA faurecia),"Glove box assembly (Sourced by MUNRO & ASSOCIATES, USA)",Glove Box,Interior_Exterior
Americas,Tesla,Tesla,Model 3 (USA),2018,Marelli Automotive Lighting USA LLC (Formerly Automotive Lighting LLC),"Head lamp assembly (Sourced by MUNRO & ASSOCIATES, USA)",Head Lamp,Interior_Exterior
Americas,Tesla,Tesla,Model 3 (USA),2018,Faurecia SE (FORVIA faurecia),"Defroster Grille Assembly (Sourced by MUNRO & ASSOCIATES, USA)",Instrument Panel,Interior_Exterior
Americas,Tesla,Tesla,Model 3 (USA),2018,Faurecia SE (FORVIA faurecia),"Instrument panel assembly (Sourced by MUNRO & ASSOCIATES, USA)",Instrument Panel,Interior_Exterior
Americas,Tesla,Tesla,Model 3 (USA),2018,Dräxlmaier Group (Fritz Dräxlmaier GmbH & Co. KG),"Speaker grille front door (Sourced by MUNRO & ASSOCIATES, USA)",Instrument Panel,Interior_Exterior
Americas,Tesla,Tesla,Model 3 (USA),2018,Faurecia SE (FORVIA faurecia),"Wood trim bezel for instrument panel (Sourced by MUNRO & ASSOCIATES, USA)",Instrument Panel,Interior_Exterior
